<model>
<id>repositorio</id>
<namespace>http://www.repositorio.swb#</namespace>
<title>repositorio</title>
<description>null</description>
<model>
<type>http://www.semanticwebbuilder.org/swb4/ontology#UserRepository</type>
<id>repositorio_usr</id>
<namespace>http://user.repositorio.swb#</namespace>
<title>Repositorio de usuarios(cultura)</title>
<description>null</description>
</model>
<model>
<type>http://www.semanticwebbuilder.org/swb4/repository#Workspace</type>
<id>repositorio_rep</id>
<namespace>http://repository.repositorio.swb#</namespace>
<title>Repositorio de documentos(cultura)</title>
<description>null</description>
</model>
</model>